# name,model,price,hunger,health,allowed,category
# hunger = hunger points restored, health = HP healed on consume,,,,,
# allowed = comma-separated profession commands inside quotes, or * for everyone,,,,,
name,model,price,hunger,health,allowed,category
Mandalorian Wine,models/sw_mandalorian_wine/mandalorian_wine.mdl,75,40,10,*,Drink
Roasted Nuna,models/food/roast_porg.mdl,100,80,10,*,Food
Kaadu Burger,models/food/bantha_burger.mdl,100,80,10,*,Food
Ration Bar,models/food/ration_bar.mdl,50,10,10,*,Snack
Meiloorun,models/lordtrilobite/starwars/props/food_fruit_meiloorun.mdl,50,10,10,*,Snack
Blue Milk,models/food/blue_milk.mdl,75,40,10,*,w
